epoch,steps,accuracy_cosinus,accuracy_manhattan,accuracy_euclidean
0,1000,0.9884374236625681,0.9886002768504194,0.9883559970686426
0,2000,0.9901473821350053,0.9904730885107076,0.9899845289471542
0,3000,0.9895773959775263,0.9896588225714519,0.9899031023532285
0,4000,0.9911245012621122,0.9915316342317401,0.9915316342317401
0,5000,0.9931601661102516,0.9930787395163261,0.9932415927041772
0,6000,0.9929158863284748,0.9926716065466982,0.9926716065466982
